"Time (s)","Linear Acceleration x (m/s^2)","Linear Acceleration y (m/s^2)","Linear Acceleration z (m/s^2)","Absolute acceleration (m/s^2)"
0.000000000E0,2.807784081E-2,1.044781208E-1,4.474754333E-1,4.603675774E-1
2.084330000E-3,-4.484772682E-2,5.228233337E-2,4.415264130E-1,4.468672446E-1
7.110059000E-3,-1.226925850E-1,4.586696625E-3,3.790206909E-1,3.984108336E-1
1.213578800E-2,-1.726069450E-1,-5.314970016E-2,3.033342361E-1,3.530293287E-1
1.716151800E-2,-1.760399342E-1,-9.229326248E-2,2.241067886E-1,2.995529293E-1
2.218724700E-2,-1.475763321E-1,-8.915925026E-2,1.603231430E-1,2.354392828E-1
2.721297600E-2,-1.395947933E-1,-1.009123325E-1,9.753513336E-2,1.979472339E-1
3.223870500E-2,-1.846861839E-1,-1.272192001E-1,6.405448914E-2,2.332309778E-1
3.726443400E-2,-2.251093388E-1,-1.439967155E-1,1.201725006E-2,2.674952014E-1
4.229016300E-2,-2.557270527E-1,-1.415231228E-1,3.128051758E-3,2.922924981E-1
4.731589300E-2,-2.337505817E-1,-1.150517464E-1,-2.952384949E-2,2.621982008E-1
5.234162200E-2,-1.548802853E-1,-6.452322006E-2,-1.190452576E-1,2.057253559E-1
5.736735100E-2,-7.188296318E-2,6.246566772E-4,-1.795406342E-1,1.933969749E-1
6.239308000E-2,2.010321617E-2,5.183029175E-2,-1.828107834E-1,1.910766887E-1
6.741880900E-2,7.386326790E-2,8.911252022E-2,-1.911220551E-1,2.234378292E-1
7.244453800E-2,9.004664421E-2,1.267485619E-1,-2.044906616E-1,2.568852404E-1
7.747026800E-2,8.793544769E-2,1.266732216E-1,-2.275981903E-1,2.749175954E-1
8.249599700E-2,9.139966965E-2,1.082186699E-1,-2.698602676E-1,3.047781885E-1
8.752172600E-2,1.239752769E-1,1.190342903E-1,-2.503528595E-1,3.036701925E-1
9.254745500E-2,1.762297153E-1,1.350252628E-1,-1.648893356E-1,2.765451630E-1
9.757318400E-2,1.961336136E-1,1.654753685E-1,-6.154727936E-2,2.638911889E-1
1.025989130E-1,1.792454720E-1,2.005836964E-1,-3.065395355E-2,2.707442028E-1
1.076246430E-1,1.444504261E-1,2.164468765E-1,-3.348445892E-2,2.623668900E-1
1.126503720E-1,1.864521503E-1,1.799139977E-1,-1.740550995E-2,2.596851992E-1
1.176761010E-1,1.758995056E-1,1.766130924E-1,3.371238708E-3,2.492873558E-1
1.227018300E-1,1.225442886E-1,1.444768906E-1,-3.761291504E-2,1.931460742E-1
1.277275590E-1,4.086422920E-2,8.856606483E-2,-6.385803223E-2,1.165833665E-1
1.327532880E-1,-2.623081207E-2,4.242491722E-2,-7.075119019E-2,8.656592872E-2
1.377790180E-1,-4.077816010E-2,1.366853714E-3,-7.750701904E-2,8.759032270E-2
1.428047470E-1,-1.733875275E-2,-2.513122559E-2,-6.991577148E-2,7.629171612E-2
1.478304760E-1,-8.425235748E-3,-4.667305946E-2,-3.386402130E-2,5.827633324E-2
1.528562050E-1,5.016326904E-3,-5.868768692E-2,1.621246338E-2,6.109216071E-2
1.578819340E-1,4.651856422E-2,-5.163788795E-2,2.322483063E-2,7.327919928E-2
1.629076630E-1,7.316088676E-2,-4.961729050E-2,5.404567719E-2,1.036114187E-1
1.679333930E-1,7.089543343E-2,-4.311394691E-2,6.573009491E-2,1.058556577E-1
1.729591220E-1,4.477286339E-2,-1.783323288E-2,3.940773010E-2,6.225433867E-2
1.779848510E-1,2.809643745E-2,-2.532243729E-3,-1.504993439E-2,3.197377959E-2
1.830105800E-1,1.817226410E-3,-1.600170135E-2,-4.521274567E-2,4.799530320E-2
1.880363090E-1,-5.300426483E-2,-3.908491135E-2,-4.176044464E-2,7.798087664E-2
1.930620380E-1,-6.945419312E-2,-4.791069031E-2,-3.352165222E-2,9.079108081E-2
1.980877680E-1,-7.165598869E-2,-5.202960968E-2,-7.751941681E-2,1.176899358E-1
2.031134970E-1,-6.933641434E-2,-4.177069664E-2,-7.838058472E-2,1.126758426E-1
2.081392260E-1,-5.769801140E-2,-3.623104095E-2,-4.598426819E-2,8.219672602E-2
2.131650070E-1,-4.136991501E-2,-1.983642578E-3,5.066871643E-3,4.172622549E-2
2.181907880E-1,-2.009606361E-2,4.163980484E-2,6.033229828E-2,7.601125795E-2
2.232165700E-1,1.096701622E-2,7.558536530E-2,6.751060486E-2,1.019367679E-1
2.282423510E-1,3.249824047E-2,1.187796593E-1,5.083560944E-2,1.332253815E-1
2.332681320E-1,6.792509556E-2,1.473550797E-1,-3.642082214E-3,1.622978831E-1
2.382939130E-1,9.805154800E-2,1.329319477E-1,-1.961135864E-2,1.663418594E-1
2.433196950E-1,1.229705811E-1,1.043601036E-1,-6.901741028E-3,1.614324288E-1
2.483454760E-1,1.287142038E-1,8.076238632E-2,3.419494629E-2,1.557536634E-1
2.533712570E-1,1.012333632E-1,7.159781456E-2,3.220558167E-2,1.281079246E-1
2.583970380E-1,8.357822895E-2,4.811763763E-2,1.600837708E-2,9.775937573E-2
2.634228200E-1,8.969056606E-2,2.949762344E-2,1.899147034E-2,9.630775345E-2
2.684486010E-1,8.608341217E-2,1.352787018E-3,-1.706123352E-3,8.611094437E-2
2.734743820E-1,6.322920322E-2,-2.208065987E-2,-6.958389282E-2,9.657849564E-2
2.785001630E-1,-1.200032234E-2,-5.498957634E-2,-1.652698517E-1,1.745909079E-1
2.835259450E-1,-9.626066685E-2,-1.018259525E-1,-2.363891602E-1,2.747989731E-1
2.885517260E-1,-1.321865320E-1,-1.289086342E-1,-2.785444260E-1,3.341821546E-1
2.935775070E-1,-1.150625944E-1,-1.222360134E-1,-2.587919235E-1,3.084709116E-1
2.986032880E-1,-9.255659580E-2,-7.735204697E-2,-2.394285202E-1,2.680971445E-1
3.036290700E-1,-1.233136654E-2,-2.795481682E-2,-2.204437256E-1,2.225510515E-1
3.086548510E-1,3.967165947E-2,1.641917229E-2,-2.113313675E-1,2.156487345E-1
3.136806320E-1,6.835019588E-2,6.046032906E-2,-1.977195740E-1,2.177618667E-1
3.187064130E-1,7.381260395E-2,8.986711502E-2,-1.653642654E-1,2.021626552E-1
3.237321950E-1,7.978594303E-2,9.052515030E-2,-1.428728104E-1,1.870113352E-1
3.287579760E-1,8.138203621E-2,9.575629234E-2,-1.300926208E-1,1.808767352E-1
3.337837570E-1,9.268593788E-2,1.103692055E-1,-1.174306870E-1,1.859086088E-1
3.388095380E-1,1.135553122E-1,1.009082794E-1,-6.210327148E-2,1.641161360E-1
3.438353200E-1,1.579959393E-1,1.054732800E-1,-7.147789001E-3,1.901010797E-1
3.488611010E-1,2.018350363E-1,1.380846500E-1,2.670288086E-5,2.445501036E-1
3.538868820E-1,2.733952999E-1,1.841452122E-1,2.614021301E-3,3.296381081E-1
3.589126630E-1,4.007134438E-1,2.197322845E-1,2.920436859E-2,4.579371529E-1
3.639384450E-1,5.360249281E-1,2.733962536E-1,6.531810760E-2,6.052558882E-1
3.689642260E-1,6.320495605E-1,3.210282326E-1,1.013803482E-1,7.161171329E-1
3.739900070E-1,7.133890390E-1,3.388957977E-1,1.135568619E-1,7.979156870E-1
3.790157880E-1,7.426356077E-1,3.226258755E-1,8.768558502E-2,8.144224108E-1
3.840415700E-1,7.016373873E-1,2.345426083E-1,5.724143982E-2,7.420120220E-1
3.890673510E-1,7.431167364E-1,1.750600338E-1,-2.052783966E-2,7.637341760E-1
3.940931320E-1,7.096111774E-1,1.343617439E-1,-1.356906891E-1,7.348558120E-1
3.991189130E-1,5.875964165E-1,9.798359871E-2,-2.119569778E-1,6.322943102E-1
4.041446950E-1,4.442976713E-1,-5.323648453E-3,-2.496452332E-1,5.096582231E-1
4.091704760E-1,2.888056040E-1,-1.086466312E-1,-2.394304276E-1,3.905633073E-1
4.141962570E-1,1.255956888E-1,-1.834933758E-1,-3.525838852E-1,4.168446858E-1
4.192220380E-1,-3.517234325E-2,-2.439918518E-1,-5.597753525E-1,6.116515043E-1
4.242477680E-1,-1.735455990E-1,-3.371739388E-1,-7.560644150E-1,8.458355274E-1
4.292734970E-1,-2.556141615E-1,-4.003379345E-1,-8.563814163E-1,9.792845304E-1
4.342992260E-1,-2.765350342E-1,-4.285728931E-1,-8.901958466E-1,1.025960523E0
4.393249550E-1,-1.841758490E-1,-4.030370712E-1,-8.676309586E-1,9.742397571E-1
4.443506840E-1,1.152737141E-1,-3.289260864E-1,-8.745555878E-1,9.414498795E-1
4.493764130E-1,3.541328907E-1,-1.638965607E-1,-7.682332993E-1,8.616580464E-1
4.544021430E-1,6.467616558E-1,2.000212669E-2,-6.777458191E-1,9.370379500E-1
4.594278720E-1,9.879297018E-1,2.840785980E-1,-4.983825684E-1,1.142405764E0
4.644536010E-1,1.301451921E0,5.703160763E-1,-2.925119400E-1,1.450724221E0
4.694793300E-1,1.597125173E0,7.784776688E-1,-1.267156601E-1,1.781261675E0
4.745050590E-1,1.832037568E0,9.089365005E-1,2.324295044E-2,2.045254861E0
4.795307880E-1,2.182225704E0,1.256544590E0,2.193441391E-1,2.527671890E0
4.845565180E-1,2.727407455E0,1.871402740E0,3.758592606E-1,3.328989310E0
4.895822470E-1,2.796227932E0,1.706493616E0,4.267187119E-1,3.303498141E0
4.946079760E-1,2.806383133E0,1.367041588E0,5.056304932E-1,3.162317376E0
4.996337050E-1,2.688549042E0,1.016355038E0,5.741777420E-1,2.931032854E0
5.046594340E-1,2.507395267E0,6.881442070E-1,6.037731171E-1,2.669291189E0
5.096851630E-1,2.283997059E0,4.016304016E-1,6.611309052E-1,2.411440154E0
5.147108930E-1,1.991091728E0,1.660237312E-1,7.461633682E-1,2.132784546E0
5.197366220E-1,1.739488959E0,-2.847075462E-2,7.923498154E-1,1.911661752E0
5.247623510E-1,1.803232670E0,-1.257498264E-1,9.430389404E-1,2.038819149E0
5.297880800E-1,1.686225653E0,-2.852690220E-1,1.497582436E0,2.273211059E0
5.348138090E-1,1.521632791E0,-4.228227139E-1,1.536872864E0,2.203661407E0
5.398395380E-1,1.390905499E0,-4.309561253E-1,1.858767509E0,2.361219588E0
5.448652680E-1,1.085152268E0,-2.676968575E-1,2.570244789E0,2.802744250E0
5.498909970E-1,1.479593396E0,-1.432430744E-1,2.620695114E0,3.012931808E0
5.549167260E-1,1.491514444E0,-2.441942692E-1,2.096987724E0,2.584879822E0
5.599424550E-1,1.319212437E0,-4.346890450E-1,1.338926315E0,1.929248480E0
5.649681840E-1,1.455197215E0,-4.683711529E-1,9.298143387E-1,1.789280631E0
5.699939130E-1,1.258521080E0,-8.121217489E-1,5.869464874E-1,1.608702341E0
5.750196430E-1,5.836653709E-1,-1.417044044E0,-2.205924988E-1,1.548334633E0
5.800453720E-1,-9.565346837E-1,-1.897986293E0,-1.473915100E0,2.586452453E0
5.850711010E-1,-1.543912411E0,-2.189676762E0,-2.810467720E0,3.882921408E0
5.900968300E-1,-1.699661970E0,-2.304115295E0,-3.657732010E0,4.645083591E0
5.951225590E-1,-1.921846747E0,-1.967564821E0,-4.031565189E0,4.880402045E0
6.001482880E-1,-2.464744806E0,-7.067754269E-1,-3.789095879E0,4.575122517E0
6.051740180E-1,-2.950664043E0,4.531998634E-1,-3.035041332E0,4.257145088E0
6.101997470E-1,-3.028131723E0,1.516325951E0,-3.079607487E0,4.577423773E0
6.152254760E-1,-2.419592857E0,1.190379858E0,-3.352850437E0,4.302678219E0
6.202512050E-1,-1.130606174E0,3.293144703E-1,-4.266968250E0,4.426481265E0
6.252769340E-1,3.508635759E-1,-4.326095581E-1,-5.100831032E0,5.131153232E0
6.303026630E-1,1.639926195E0,-9.978189468E-1,-5.578645706E0,5.899685457E0
6.353283930E-1,2.431176662E0,-1.384586096E0,-5.749318123E0,6.393931302E0
6.403541220E-1,2.845405579E0,-1.669664502E0,-5.713780403E0,6.597832898E0
6.453798510E-1,2.792917252E0,-1.848462105E0,-5.438800812E0,6.387311891E0
6.504055800E-1,2.065911531E0,-1.931503415E0,-4.900055408E0,5.657670802E0
6.554313090E-1,1.097960949E0,-1.743581772E0,-4.584520340E0,5.026273211E0
6.604570380E-1,1.239233017E-1,-1.573527694E0,-4.539113045E0,4.805714684E0
6.654827680E-1,-6.423275471E-1,-1.302600861E0,-4.663112164E0,4.884052490E0
6.705084970E-1,-7.064554691E-1,-6.777868271E-1,-4.885245800E0,4.982379034E0
6.755342260E-1,-1.009189129E0,-1.101070762E0,-4.512615204E0,4.753368858E0
6.805599550E-1,-1.967775822E-1,-1.391207933E0,-2.558985710E0,2.919347324E0
6.855856840E-1,1.184959412E-1,-9.563354254E-1,-1.576675415E0,1.847843094E0
6.906114130E-1,3.112215996E-1,-1.451039314E0,6.486358643E-1,1.619599475E0
6.956371430E-1,6.640028954E-1,-2.232249737E0,5.119103432E0,5.623971788E0
7.006628720E-1,-9.293715954E-1,-2.959273815E0,5.759129524E0,6.541300020E0
7.056886010E-1,-2.283224821E0,-3.959804535E0,4.605049133E0,6.488423927E0
7.107143300E-1,-4.068540573E0,-4.456395149E0,2.393131256E0,6.491498851E0
7.157401110E-1,-5.167801857E0,-4.600601196E0,5.922946930E-1,6.944243688E0
7.207658930E-1,-5.480577469E0,-4.388741493E0,1.764297485E-3,7.021238096E0
7.257916740E-1,-5.106507778E0,-3.124937534E0,1.102924347E-2,5.986800308E0
7.308174550E-1,-3.582987070E0,-1.235276341E0,1.661529541E-1,3.793588115E0
7.358432360E-1,-9.335019588E-1,6.144685745E-1,1.007871628E-1,1.122121022E0
7.408690180E-1,5.003068447E-1,1.281500578E0,4.569396973E-1,1.449601517E0
7.458947990E-1,4.718687534E-1,1.045765877E0,7.604827881E-1,1.376452128E0
7.509205800E-1,8.916143179E-1,1.048932552E0,6.092252731E-1,1.505453760E0
7.559463610E-1,1.715122223E0,1.349982500E0,3.042659760E-1,2.203786463E0
7.609721430E-1,1.711223364E0,1.312735558E0,1.944046021E-1,2.165491444E0
7.659979240E-1,1.152106047E0,1.161858797E0,1.882963181E-1,1.647033609E0
7.710237050E-1,4.768171310E-1,1.149472713E0,2.571039200E-1,1.270725982E0
7.760494860E-1,-2.351882458E-1,1.158181667E0,3.769702911E-1,1.240485746E0
7.810752680E-1,-8.652536869E-1,1.061367512E0,4.621286392E-1,1.445243169E0
7.861010490E-1,-1.193656445E0,9.962778091E-1,5.034618378E-1,1.634276293E0
7.911268300E-1,-1.163547516E0,9.859466553E-1,4.199438095E-1,1.581861698E0
7.961526110E-1,-1.100321054E0,9.582016468E-1,3.554182053E-1,1.501725314E0
8.011783930E-1,-1.103269577E0,8.986871243E-1,2.863035202E-1,1.451486139E0
8.062041740E-1,-9.749104977E-1,8.653500080E-1,1.363258362E-1,1.310673815E0
8.112299550E-1,-7.860403061E-1,8.542289734E-1,-4.172611237E-2,1.161596991E0
8.162557360E-1,-5.732078552E-1,7.945628166E-1,-1.424283981E-1,9.900420008E-1
8.212815180E-1,-3.384680748E-1,7.543065548E-1,-1.272544861E-1,8.365002812E-1
8.263072990E-1,-1.029014468E0,1.307969809E0,1.765708923E-1,1.673568964E0
8.313330800E-1,-1.256476402E0,1.861240149E0,4.158592224E-1,2.283831590E0
8.363588610E-1,-1.017869830E0,2.016891479E0,4.038553238E-1,2.294996591E0
8.413846430E-1,-1.014462829E0,2.043054342E0,4.033670425E-1,2.316443577E0
8.464104240E-1,-1.590952516E0,2.388377190E0,1.265727997E0,3.136485751E0
8.514362050E-1,-2.382855415E0,2.955261469E0,2.968464851E0,4.819061512E0
8.564619860E-1,-2.368573666E0,2.901839495E0,3.210905075E0,4.933632036E0
8.614877680E-1,-2.414694548E0,2.625073433E0,2.979372025E0,4.647409811E0
8.665135490E-1,-2.442595959E0,2.231713533E0,2.618078232E0,4.219141375E0
8.715393300E-1,-2.358230829E0,1.833849192E0,2.250893593E0,3.740424771E0
8.765651110E-1,-2.206035137E0,1.438248634E0,1.862880707E0,3.225751802E0
8.815908930E-1,-2.035290003E0,1.142165899E0,1.515662193E0,2.782836722E0
8.866166740E-1,-1.875294209E0,9.802017212E-1,1.314056396E0,2.490836806E0
8.916424550E-1,-1.825389385E0,9.377951622E-1,1.468684196E0,2.523596529E0
8.966682360E-1,-1.969115257E0,8.548851013E-1,2.071288109E0,2.983031656E0
9.016940180E-1,-1.772924662E0,7.098715305E-1,2.166433334E0,2.888011918E0
9.067197990E-1,-1.248282671E0,4.657354355E-1,1.309648514E0,1.868234020E0
9.117455800E-1,-5.869779587E-1,2.706151009E-1,-3.137283325E-1,7.184713797E-1
9.167713610E-1,1.000154018E-1,3.605279922E-1,-1.941098690E0,1.976827670E0
9.217971430E-1,4.093639851E-1,6.350553036E-1,-2.312300682E0,2.432613524E0
9.268229240E-1,4.604485035E-1,1.023102283E0,-1.409312248E0,1.801363961E0
9.318486530E-1,6.050504446E-1,1.350011110E0,-4.028882980E-1,1.533275911E0
9.368743820E-1,9.080049992E-1,1.395495176E0,-6.792793274E-1,1.798138001E0
9.419001110E-1,7.093350887E-1,1.376439333E0,-6.400899887E-1,1.675546687E0
9.469258410E-1,2.406766415E-1,1.373176336E0,-4.105949402E-2,1.394713009E0
9.519515700E-1,-1.227133274E-1,1.234916925E0,3.090229034E-1,1.278895433E0
9.569772990E-1,-8.145227432E-1,1.028058290E0,-6.657600403E-2,1.313310136E0
9.620030280E-1,-9.780740738E-1,7.498192787E-1,-7.580652237E-1,1.446900386E0
9.670287570E-1,-6.037249565E-1,5.892338753E-1,-1.425043106E0,1.656027849E0
9.720544860E-1,-3.324666023E-1,6.349673271E-1,-2.652168751E0,2.747310800E0
9.770802160E-1,-8.435909748E-1,8.246786594E-1,-4.039083481E0,4.207842201E0
9.821059450E-1,-1.238811970E0,6.123032570E-1,-2.785172939E0,3.109141148E0
9.871316740E-1,-1.078019857E0,4.953513145E-1,-2.116525650E0,2.426351286E0
9.921574030E-1,-8.931519985E-1,3.515427113E-1,-2.195391655E0,2.396048265E0
9.971831320E-1,-7.448549271E-1,2.380104065E-1,-2.017178535E0,2.163438712E0
1.002208861E0,-4.561979771E-1,3.026247025E-1,-1.312571526E0,1.422161142E0
1.007234591E0,-1.188333035E-1,3.915667534E-1,-9.222793579E-1,1.008982205E0
1.012260320E0,2.012441158E-1,4.185321331E-1,-7.019100189E-1,8.416329457E-1
1.017286049E0,4.039922953E-1,3.164920807E-1,-4.453001022E-1,6.794624293E-1
1.022311778E0,4.517874718E-1,1.473917961E-1,-2.429342270E-1,5.337164976E-1
1.027337507E0,7.503460646E-1,1.581621170E-2,-1.137142181E-1,7.590785813E-1
1.032363236E0,8.673627377E-1,-1.563212872E-1,4.686546326E-2,8.825819141E-1
1.037388966E0,6.270226240E-1,-2.700204849E-1,2.961215973E-1,7.441481262E-1
1.042414695E0,2.309644222E-1,-3.016660213E-1,6.297473907E-1,7.354785714E-1
1.047440424E0,-7.885078192E-1,-5.523109436E-1,9.104022980E-1,1.324999737E0
1.052466153E0,-5.618585348E-1,-6.624834538E-1,1.369365692E0,1.621644763E0
1.057491882E0,6.882585287E-1,-6.133515835E-1,1.830113411E0,2.049198640E0
1.062517611E0,1.936445594E0,-5.396170616E-1,1.661283493E0,2.607847955E0
1.067543341E0,1.522529483E0,-5.843358040E-1,7.819805145E-1,1.808601085E0
1.072569070E0,6.338298321E-1,-5.794291496E-1,8.699893951E-2,8.631611732E-1
1.077594799E0,9.364414215E-2,-5.682675838E-1,8.305931091E-2,5.818901282E-1
1.082620528E0,-1.380589008E-1,-6.091196537E-1,4.685964584E-1,7.808134563E-1
1.087646257E0,-1.916509867E-1,-7.078329325E-1,8.850221634E-1,1.149357121E0
1.092671986E0,-1.899623871E-1,-8.176088333E-1,1.122075081E0,1.401293117E0
1.097697716E0,-1.901668310E-1,-9.055714607E-1,1.160751343E0,1.484441570E0
1.102723445E0,-1.644020677E-1,-9.578698874E-1,1.072816849E0,1.447576855E0
1.107749174E0,-8.565342426E-2,-9.796954393E-1,9.681549072E-1,1.380023039E0
1.112774903E0,-3.750115633E-2,-9.715321064E-1,9.230537415E-1,1.340637602E0
1.117800632E0,-4.105788469E-2,-9.815876484E-1,9.706935883E-1,1.381103220E0
1.122826361E0,-7.366812229E-2,-9.958738089E-1,1.086922646E0,1.476005580E0
1.127852091E0,-1.553742886E-1,-1.028953671E0,1.242840767E0,1.620968846E0
1.132877820E0,-2.530725598E-1,-1.066521406E0,1.400047302E0,1.778101819E0
1.137903549E0,-2.803238630E-1,-1.123091578E0,1.529848099E0,1.918424189E0
1.142929278E0,-2.560408115E-1,-1.198567629E0,1.641802788E0,2.048813718E0
1.147955007E0,-2.375282645E-1,-1.245311260E0,1.721607208E0,2.138025068E0
1.152980736E0,-2.443198562E-1,-1.287422538E0,1.735786438E0,2.174880121E0
1.158006466E0,-2.964348793E-1,-1.305944800E0,1.684354782E0,2.151840257E0
1.163032195E0,-3.039592505E-1,-1.305868387E0,1.619927406E0,2.102819125E0
1.168057924E0,-2.722483277E-1,-1.253900170E0,1.700316429E0,2.130131627E0
1.173083653E0,-2.345975041E-1,-1.174131274E0,1.848865509E0,2.202708312E0
1.178109382E0,-3.201921582E-1,-1.038155079E0,1.845557213E0,2.141581288E0
1.183135111E0,-4.768657684E-1,-9.034634829E-1,1.690548897E0,1.975247528E0
1.188160841E0,-6.190685034E-1,-8.606599569E-1,1.498721123E0,1.835795843E0
1.193186570E0,-7.035375834E-1,-8.518303633E-1,1.341829300E0,1.738127144E0
1.198212299E0,-7.443168163E-1,-8.811837435E-1,1.258063316E0,1.706814466E0
1.203238028E0,-8.087134361E-1,-9.388366938E-1,1.232939720E0,1.748019483E0
1.208263809E0,-8.443701267E-1,-9.861906767E-1,1.271120071E0,1.816942266E0
1.213289591E0,-9.132021666E-1,-1.041875482E0,1.305540085E0,1.903648505E0
1.218315372E0,-9.426020384E-1,-1.105200171E0,1.211854935E0,1.891707801E0
1.223341153E0,-9.415956736E-1,-1.146261811E0,1.009191513E0,1.794153300E0
1.228366934E0,-9.006111622E-1,-1.154596448E0,7.214183807E-1,1.632371864E0
1.233392716E0,-8.384003639E-1,-1.162681699E0,4.058551788E-1,1.489786001E0
1.238418497E0,-8.121383190E-1,-1.169851780E0,1.389389038E-1,1.430882894E0
1.243444278E0,-8.405013084E-1,-1.170755386E0,-6.034469604E-2,1.442481233E0
1.248470059E0,-9.565849304E-1,-1.141169906E0,-1.586313248E-1,1.497493699E0
1.253495841E0,-9.496961832E-1,-1.095369458E0,-2.516899109E-1,1.471429544E0
1.258521622E0,-9.208068848E-1,-1.037943602E0,-3.539695740E-1,1.431959042E0
1.263547403E0,-8.698748350E-1,-9.400759935E-1,-3.985185623E-1,1.341358322E0
1.268573184E0,-8.070735931E-1,-7.875374556E-1,-4.572010040E-1,1.216805567E0
1.273598966E0,-7.961575985E-1,-6.377232075E-1,-5.541753769E-1,1.160891106E0
1.278624747E0,-8.918588161E-1,-5.099503994E-1,-6.084222794E-1,1.194001352E0
1.283650528E0,-1.057199955E0,-4.426364899E-1,-5.676259995E-1,1.278983222E0
1.288676309E0,-1.163787484E0,-4.504747391E-1,-4.511194229E-1,1.326965536E0
1.293702091E0,-1.154006004E0,-4.907548428E-1,-3.162670135E-1,1.293288443E0
1.298727872E0,-1.060579419E0,-4.918074608E-1,-2.729358673E-1,1.200498759E0
1.303753653E0,-9.877504110E-1,-5.064678192E-1,-2.777462006E-1,1.144247997E0
1.308779434E0,-9.348566532E-1,-4.822423458E-1,-2.874526978E-1,1.090478654E0
1.313805216E0,-8.727072477E-1,-4.432289600E-1,-3.019227982E-1,1.024317933E0
1.318830997E0,-8.106726408E-1,-3.992724419E-1,-2.827730179E-1,9.468733775E-1
1.323856778E0,-7.152479887E-1,-3.363103867E-1,-2.395172119E-1,8.258649141E-1
1.328882559E0,-6.053955555E-1,-2.735857964E-1,-2.055854797E-1,6.954267438E-1
1.333908341E0,-5.191518068E-1,-2.065131664E-1,-1.473731995E-1,5.778279557E-1
1.338934122E0,-4.988491535E-1,-1.545214653E-1,-7.899665833E-2,5.281740558E-1
1.343959903E0,-5.295612812E-1,-1.179358959E-1,-1.456928253E-2,5.427304028E-1
1.348985684E0,-5.535075665E-1,-6.844925880E-2,-4.470634460E-2,5.595128099E-1
1.354011466E0,-5.231509209E-1,-3.486371040E-2,-2.123231888E-1,5.656708414E-1
1.359037247E0,-5.064070225E-1,-2.179598808E-2,-4.744262695E-1,6.942646633E-1
1.364063028E0,-5.381603241E-1,-9.677648544E-3,-7.452774048E-1,9.193196405E-1
1.369088809E0,-5.907800198E-1,2.594113350E-2,-9.153356552E-1,1.089740031E0
1.374114591E0,-6.410257816E-1,9.983611107E-2,-1.018563271E0,1.207622639E0
1.379140372E0,-7.276401520E-1,1.549892426E-1,-1.103176117E0,1.330593627E0
1.384166153E0,-7.599804401E-1,1.776964664E-1,-1.222140312E0,1.450094220E0
1.389191934E0,-7.475066185E-1,1.876888275E-1,-1.323017120E0,1.531132764E0
1.394217716E0,-6.898443699E-1,2.188882828E-1,-1.367663383E0,1.547352728E0
1.399243497E0,-6.251049042E-1,2.236580849E-1,-1.380132675E0,1.531517313E0
1.404269278E0,-5.869791508E-1,2.117767334E-1,-1.413240433E0,1.544876186E0
1.409295059E0,-5.899760723E-1,1.927676201E-1,-1.423990250E0,1.553376758E0
1.414320841E0,-6.485145092E-1,1.762833595E-1,-1.426859856E0,1.577205104E0
1.419346622E0,-7.098393440E-1,1.623275280E-1,-1.431438446E0,1.606000668E0
1.424372403E0,-7.593052387E-1,1.462044716E-1,-1.413789749E0,1.611434655E0
1.429398184E0,-8.059804440E-1,1.470289230E-1,-1.325987816E0,1.558674330E0
1.434423913E0,-7.968287468E-1,1.456472874E-1,-1.182356834E0,1.433219058E0
1.439449643E0,-7.032194138E-1,1.418247223E-1,-1.083312988E0,1.299307056E0
1.444475372E0,-5.493910313E-1,1.592137814E-1,-9.857234955E-1,1.139662381E0
1.449501101E0,-3.019773960E-1,2.022814751E-1,-8.799238205E-1,9.520368022E-1
1.454526830E0,-5.649852753E-2,2.230463028E-1,-7.944955826E-1,8.271426525E-1
1.459552559E0,1.013050079E-1,2.165136337E-1,-7.148752213E-1,7.537820906E-1
1.464578288E0,2.582292557E-1,2.018489838E-1,-6.695747375E-1,7.454902346E-1
1.469604018E0,3.526034355E-1,2.027926445E-1,-5.531225204E-1,6.865847086E-1
1.474629747E0,3.948523998E-1,2.095301151E-1,-3.844242096E-1,5.895704027E-1
1.479655476E0,3.952794075E-1,2.120351791E-1,-2.014398575E-1,4.917140870E-1
1.484681205E0,3.305256367E-1,2.098720074E-1,-3.735160828E-2,3.933047147E-1
1.489706934E0,3.108794689E-1,1.979243755E-1,8.892154694E-2,3.791136296E-1
1.494732663E0,2.931394577E-1,1.949126720E-1,1.536474228E-1,3.840953292E-1
1.499758393E0,2.148807049E-1,1.622958183E-1,1.664972305E-1,3.165990805E-1
1.504784122E0,8.071517944E-2,1.191034317E-1,1.896934509E-1,2.380843820E-1
1.509809851E0,-4.474401474E-3,1.034398079E-1,2.566509247E-1,2.767481007E-1
1.514835580E0,-6.481194496E-2,1.103985310E-1,3.529596329E-1,3.754582883E-1
1.519861309E0,-1.387095451E-1,1.493196487E-1,4.403657913E-1,4.852408944E-1
1.524887038E0,-2.168128490E-1,1.723582745E-1,4.279441833E-1,5.097562264E-1
1.529912768E0,-2.948575020E-1,1.271157265E-1,3.538608551E-1,4.778251345E-1
1.534938497E0,-3.062818050E-1,6.162285805E-2,2.658596039E-1,4.102282897E-1
1.539964226E0,-2.371113300E-1,-2.383804321E-2,1.972522736E-1,3.093517328E-1
1.544989955E0,-8.748030663E-2,-7.626962662E-2,1.239528656E-1,1.698062805E-1
1.550015684E0,4.679298401E-2,-8.093094826E-2,2.186679840E-2,9.600811742E-2
1.555041413E0,9.908437729E-2,-7.097244263E-2,-5.164146423E-2,1.323693403E-1
1.560067143E0,8.402299881E-2,-7.493758202E-2,-7.749366760E-2,1.366776282E-1
1.565092872E0,1.500804424E-1,-8.297967911E-2,-1.801567078E-1,2.487291814E-1
1.570118601E0,2.443404198E-1,-9.958505630E-2,-3.357963562E-1,4.270580956E-1
1.575144330E0,2.805700302E-1,-9.575700760E-2,-4.010238647E-1,4.987074157E-1
1.580170059E0,2.494311333E-1,-1.049304008E-1,-3.950634003E-1,4.788542257E-1
1.585195788E0,1.657369137E-1,-1.033396721E-1,-3.656539917E-1,4.145487354E-1
1.590221518E0,1.065082550E-1,-1.054203510E-1,-3.365793228E-1,3.684333038E-1
1.595247247E0,-4.183292389E-2,1.287007332E-2,-8.736991882E-2,9.771967572E-2
1.600272976E0,-1.411499977E-1,1.063466072E-1,2.065649033E-1,2.718491898E-1
1.605298705E0,-5.011200905E-2,-8.827972412E-2,-1.678934097E-1,1.961956171E-1
1.610324434E0,-1.075217724E-1,-1.051657200E-1,-3.603601456E-1,3.904871249E-1
1.615350163E0,-1.454958916E-1,-7.765555382E-2,-2.182378769E-1,2.735456277E-1
1.620375893E0,-2.206559181E-1,-2.113749981E-1,-1.817140579E-1,3.555114947E-1
1.625401622E0,-3.954486847E-1,-4.204225540E-1,-1.692962646E-1,6.014948141E-1
1.630427351E0,-4.931583405E-1,-4.662759304E-1,1.050472260E-2,6.787700209E-1
1.635453080E0,-5.140404701E-1,-3.071005344E-1,2.621717453E-1,6.536683924E-1
1.640478809E0,-4.007198811E-1,-1.062903404E-1,4.615001678E-1,6.203680073E-1
1.645504538E0,-3.210089207E-1,6.989479065E-3,4.889106750E-1,5.849181380E-1
1.650530268E0,-3.710458279E-1,4.256248474E-2,4.448242188E-1,5.808228276E-1
1.655555997E0,-4.792587757E-1,-1.848912239E-2,4.343938828E-1,6.470926264E-1
1.660581726E0,-5.214519501E-1,-7.098126411E-2,4.097366333E-1,6.669592077E-1
1.665607455E0,-4.356052876E-1,-5.264735222E-2,3.516712189E-1,5.623133970E-1
1.670633184E0,-3.174622059E-1,-6.554841995E-3,2.697973251E-1,4.166723110E-1
1.675658913E0,-2.821226120E-1,-4.333734512E-3,1.735591888E-1,3.312623454E-1
1.680684643E0,-3.201706409E-1,6.898403168E-3,1.201934814E-1,3.420574517E-1
1.685710372E0,-3.691141605E-1,4.630851746E-2,8.100318909E-2,3.807246498E-1
1.690736101E0,-4.190185070E-1,7.099223137E-2,4.166793823E-2,4.270276609E-1
1.695761830E0,-4.793746471E-1,5.252170563E-2,-1.223468781E-2,4.823984551E-1
1.700787559E0,-4.642465115E-1,1.501822472E-2,-7.123661041E-2,4.699202327E-1
1.705813341E0,-3.788402081E-1,6.453752518E-3,-9.244728088E-2,3.900103254E-1
1.710839122E0,-2.186779976E-1,1.755475998E-2,-1.382865906E-1,2.593287824E-1
1.715864903E0,-9.881925583E-2,1.503896713E-2,-2.088718414E-1,2.315574702E-1
1.720890684E0,-9.804487228E-3,3.740286827E-2,-2.469224930E-1,2.499316308E-1
1.725916466E0,1.061398983E-1,5.612468719E-2,-2.715730667E-1,2.969302765E-1
1.730942247E0,1.396040916E-1,8.571410179E-2,-2.874813080E-1,3.308802081E-1
1.735968028E0,1.011455059E-1,1.118106842E-1,-2.895812988E-1,3.264802767E-1
1.740993809E0,5.862426758E-2,1.247465611E-1,-2.249765396E-1,2.638426664E-1
1.746019591E0,2.700257301E-2,1.530916691E-1,-1.939258575E-1,2.485426247E-1
1.751045372E0,-2.685594559E-2,1.333141327E-1,-1.568050385E-1,2.075613641E-1
1.756071153E0,-1.263175011E-1,9.990572929E-2,-8.171081543E-2,1.805932534E-1
1.761096934E0,-3.091354370E-1,1.946163177E-2,-2.139091492E-3,3.097548212E-1
1.766122716E0,-4.802415371E-1,-6.982660294E-2,7.700538635E-2,4.913629188E-1
1.771148497E0,-5.979738235E-1,-9.200263023E-2,1.554470062E-1,6.246606674E-1
1.776174278E0,-6.969175339E-1,-6.654143333E-2,1.901302338E-1,7.254455990E-1
1.781200059E0,-7.876937389E-1,-1.771640778E-2,2.191400528E-1,8.178005015E-1
1.786225841E0,-8.945422173E-1,3.036952019E-2,2.946777344E-1,9.423179152E-1
1.791251622E0,-9.272413254E-1,7.277560234E-2,3.594074249E-1,9.971190806E-1
1.796277403E0,-8.339986801E-1,8.562445641E-2,4.230432510E-1,9.390691871E-1
1.801303184E0,-6.531703472E-1,5.973029137E-2,4.478101730E-1,7.941871072E-1
1.806328966E0,-4.558265209E-1,5.718016624E-2,4.343137741E-1,6.321992115E-1
1.811354747E0,-2.791690826E-1,3.990054131E-2,4.211235046E-1,5.068258439E-1
1.816380528E0,-1.457643509E-1,1.271295547E-2,4.323215485E-1,4.564107651E-1
1.821406309E0,-3.077459335E-2,-5.248308182E-3,4.299278259E-1,4.310598054E-1
1.826432091E0,6.175851822E-2,-1.426839828E-2,4.475431442E-1,4.520094775E-1
1.831457872E0,9.420108795E-2,-4.779314995E-2,4.613561630E-1,4.732943474E-1
1.836483653E0,8.144211769E-2,-9.631514549E-2,4.620122910E-1,4.789204347E-1
1.841509434E0,1.473443508E-1,-1.313991547E-1,4.734363556E-1,5.129503664E-1
1.846535216E0,2.342467308E-1,-1.438391209E-1,5.193424225E-1,5.876034168E-1
1.851560997E0,2.704579830E-1,-1.813778877E-1,5.756359100E-1,6.613638633E-1
1.856586778E0,3.506889343E-1,-2.154448032E-1,6.420660019E-1,7.626584705E-1
1.861612559E0,4.596457481E-1,-2.080676556E-1,6.945896149E-1,8.584993280E-1
1.866638341E0,4.919660091E-1,-2.119381428E-1,7.141656876E-1,8.927379010E-1
1.871664122E0,4.901113510E-1,-2.362089157E-1,6.484537125E-1,8.464608706E-1
1.876689903E0,4.431519508E-1,-2.232873440E-1,4.262237549E-1,6.541464505E-1
1.881715684E0,2.600514889E-1,-1.823606491E-1,2.523498535E-1,4.056631999E-1
1.886741466E0,3.179001808E-2,-1.037008762E-1,2.163534164E-1,2.420191682E-1
1.891767247E0,-7.475566864E-2,-6.610393524E-3,2.079687119E-1,2.210952112E-1
1.896793028E0,-7.714748383E-3,6.620812416E-2,1.701269150E-1,1.827189105E-1
1.901818809E0,1.136429310E-1,6.735730171E-2,1.651372910E-1,2.114758774E-1
1.906844591E0,2.001423836E-1,-2.560615540E-3,2.359428406E-1,3.094067783E-1
1.911870372E0,2.443223000E-1,-5.788230896E-2,3.873682022E-1,4.616252506E-1
1.916896153E0,3.004796505E-1,-1.040980816E-1,4.865560532E-1,5.812583108E-1
1.921921934E0,2.982811928E-1,-1.750202179E-1,4.869565964E-1,5.972691800E-1
1.926947716E0,1.576843262E-1,-2.564325333E-1,3.895463943E-1,4.923092363E-1
1.931973497E0,-3.500080109E-2,-3.292775154E-1,2.520418167E-1,4.161415812E-1
1.936999226E0,-1.567451954E-1,-3.554790020E-1,8.395481110E-2,3.974704863E-1
1.942024955E0,-1.476242542E-1,-3.397700787E-1,-7.224369049E-2,3.774331432E-1
1.947050684E0,-8.101820946E-2,-3.010497093E-1,-1.696691513E-1,3.549401339E-1
1.952076413E0,-4.318833351E-2,-2.532410622E-1,-2.376012802E-1,3.499294730E-1
1.957102143E0,-3.861260414E-2,-2.008266449E-1,-2.811622620E-1,3.476700908E-1
1.962127872E0,-1.240229607E-1,-1.672449112E-1,-3.624334335E-1,4.179839098E-1
1.967153601E0,-2.134854794E-1,-1.045715809E-1,-5.287990570E-1,5.797755670E-1
1.972179330E0,-2.741179466E-1,-1.259803772E-2,-7.133913040E-1,7.643471148E-1
1.977205059E0,-3.632974625E-1,6.119418144E-2,-8.497428894E-1,9.261710167E-1
1.982230788E0,-4.427363873E-1,7.898259163E-2,-9.050121307E-1,1.010594239E0
1.987256518E0,-4.314374924E-1,7.916808128E-2,-9.319839478E-1,1.030048530E0
1.992282247E0,-3.585402966E-1,5.710792542E-2,-9.261007309E-1,9.947235913E-1
1.997307976E0,-2.575378418E-1,3.184986115E-2,-8.685102463E-1,9.064492272E-1
2.002333705E0,-9.530258179E-2,5.529403687E-2,-7.879447937E-1,7.956110925E-1
2.007359434E0,3.767633438E-2,9.389686584E-2,-7.178030014E-1,7.248981145E-1
2.012385163E0,5.141997337E-2,1.046538353E-1,-6.057071686E-1,6.168286739E-1
2.017410893E0,4.655981064E-2,7.796049118E-2,-5.183658600E-1,5.262592697E-1
2.022436622E0,-6.672978401E-2,5.672717094E-2,-4.411859512E-1,4.497953752E-1
2.027462351E0,-1.880705357E-1,6.926107407E-2,-4.215869904E-1,4.668010424E-1
2.032488080E0,-1.991696358E-1,9.610056877E-2,-4.021911621E-1,4.589788601E-1
2.037513809E0,-1.965689659E-1,1.370775700E-1,-3.642072678E-1,4.359776972E-1
2.042539538E0,-3.797223568E-1,1.161546707E-1,-3.552703857E-1,5.328208168E-1
2.047565268E0,-6.852674484E-1,6.217956543E-2,-3.750381470E-1,7.836525926E-1
2.052590997E0,-8.322806358E-1,3.710532188E-2,-3.948488235E-1,9.219400497E-1
2.057616726E0,-8.033177853E-1,8.839750290E-2,-4.291305542E-1,9.150336689E-1
2.062642455E0,-8.136188984E-1,1.300320625E-1,-4.493465424E-1,9.385075195E-1
2.067668184E0,-8.391103745E-1,1.764781475E-1,-4.604320526E-1,9.732668864E-1
2.072693913E0,-8.081626892E-1,2.182965279E-1,-4.576644897E-1,9.540634630E-1
2.077719643E0,-8.539099693E-1,2.889690399E-1,-4.981327057E-1,1.029952200E0
2.082745372E0,-9.520745277E-1,3.694903851E-1,-5.816221237E-1,1.175267351E0
2.087771101E0,-1.026397467E0,4.504940510E-1,-6.367015839E-1,1.289118131E0
2.092796830E0,-9.396224022E-1,5.132620335E-1,-6.400899887E-1,1.247414673E0
2.097822559E0,-8.257122040E-1,5.010676384E-1,-5.114231110E-1,1.092896619E0
2.102848288E0,-7.697522640E-1,4.430110455E-1,-3.750314713E-1,9.640673933E-1
2.107874018E0,-6.903841496E-1,4.105141163E-1,-2.593307495E-1,8.440406100E-1
2.112899747E0,-5.785350800E-1,4.267694950E-1,-1.308374405E-1,7.307212030E-1
2.117925476E0,-4.536998272E-1,4.008145332E-1,2.940464020E-2,6.061026779E-1
2.122951205E0,-3.922584057E-1,3.328750134E-1,1.593475342E-1,5.385759631E-1
2.127976934E0,-3.890097141E-1,2.610630989E-1,2.593212128E-1,5.354717459E-1
2.133002663E0,-3.438966274E-1,2.282505035E-1,3.294744492E-1,5.281255489E-1
2.138028393E0,-2.861244678E-1,2.245180607E-1,4.316968918E-1,5.644800945E-1
2.143054122E0,-2.590591908E-1,1.734883785E-1,5.608539581E-1,6.416907699E-1
2.148079851E0,-2.343604565E-1,1.464381218E-1,7.072324753E-1,7.593067372E-1
2.153105580E0,-2.408850193E-1,9.997773170E-2,8.185234070E-1,8.590702574E-1
2.158131309E0,-2.596259117E-1,4.336667061E-2,8.286352158E-1,8.694380961E-1
2.163157038E0,-2.809653282E-1,9.606599808E-3,7.670640945E-1,8.169584613E-1
2.168182768E0,-3.139946461E-1,-2.528691292E-2,6.678199768E-1,7.383871526E-1
2.173208497E0,-3.866188526E-1,-8.530116081E-2,5.457620621E-1,6.742452474E-1
2.178234226E0,-4.978587627E-1,-1.465401649E-1,4.298362732E-1,6.738668929E-1
2.183259955E0,-5.182154179E-1,-2.091073990E-1,2.966461182E-1,6.326705644E-1
2.188285684E0,-5.560545921E-1,-2.872242928E-1,1.801385880E-1,6.512637059E-1
2.193311466E0,-5.769054890E-1,-3.189835548E-1,1.137647629E-1,6.689640295E-1
2.198337247E0,-5.945880413E-1,-3.191099167E-1,9.258556366E-2,6.811300642E-1
2.203363028E0,-5.183331966E-1,-3.211195469E-1,8.793544769E-2,6.160517098E-1
2.208388809E0,-3.632128239E-1,-3.058478832E-1,4.735565186E-2,4.771886848E-1
2.213414591E0,-2.392809391E-1,-2.970702648E-1,-9.968757629E-3,3.815828694E-1
2.218440372E0,-1.417622566E-1,-2.848618031E-1,-6.989479065E-2,3.257730284E-1
2.223466153E0,-3.782486916E-2,-2.691094875E-1,-1.231765747E-1,2.983674003E-1
2.228491934E0,7.180047035E-2,-2.636389732E-1,-2.035388947E-1,3.407182082E-1
2.233517716E0,2.098517418E-1,-2.444348335E-1,-2.969255447E-1,4.381220384E-1
2.238543497E0,3.138411045E-1,-2.493360043E-1,-3.560428619E-1,5.361261059E-1
2.243569278E0,3.789734840E-1,-2.304737568E-1,-4.003677368E-1,5.975227015E-1
2.248595059E0,4.339213371E-1,-2.117173672E-1,-4.348573685E-1,6.497791173E-1
2.253620841E0,5.073399544E-1,-1.835570335E-1,-4.690675735E-1,7.149205567E-1
2.258646622E0,6.180751324E-1,-1.601672173E-1,-4.793243408E-1,7.983872685E-1
2.263672403E0,6.995062828E-1,-1.377356052E-1,-5.217819214E-1,8.834797735E-1
2.268698184E0,7.231745720E-1,-1.389989853E-1,-5.787019730E-1,9.365885719E-1
2.273723966E0,6.892442703E-1,-1.494002342E-1,-6.070795059E-1,9.305501710E-1
2.278749747E0,6.407876015E-1,-1.736974716E-1,-6.308879852E-1,9.158598210E-1
2.283775528E0,6.304757595E-1,-1.973023415E-1,-6.645736694E-1,9.370624629E-1
2.288801309E0,6.632432938E-1,-2.248718739E-1,-6.889867783E-1,9.824264894E-1
2.293827091E0,7.153058052E-1,-2.323229313E-1,-7.232875824E-1,1.043446820E0
2.298852872E0,7.677111626E-1,-2.386720181E-1,-7.626800537E-1,1.108163176E0
2.303878653E0,7.729029655E-1,-2.340779305E-1,-8.071994781E-1,1.141815427E0
2.308904434E0,7.264299393E-1,-2.327690125E-1,-8.281116486E-1,1.125899983E0
2.313930216E0,6.810998917E-1,-2.203388214E-1,-8.158636093E-1,1.085393794E0
2.318955997E0,6.033010483E-1,-2.160100937E-1,-7.657251358E-1,9.984825983E-1
2.323981778E0,5.024614334E-1,-2.102761269E-1,-7.208194733E-1,9.034734388E-1
2.329007559E0,4.213163853E-1,-2.177057266E-1,-6.907215118E-1,8.378540964E-1
2.334033341E0,3.261876106E-1,-2.145280838E-1,-6.562728882E-1,7.636195125E-1
2.339059122E0,1.788332462E-1,-1.913609505E-1,-5.839176178E-1,6.399688490E-1
2.344084903E0,-6.421089172E-3,-1.770710945E-1,-4.784450531E-1,5.102010111E-1
2.349110684E0,-1.869318485E-1,-1.623659134E-1,-3.973169327E-1,4.681527003E-1
2.354136466E0,-3.010461330E-1,-1.379017830E-1,-3.071107864E-1,4.516223103E-1
2.359162247E0,-3.684201241E-1,-1.277637482E-1,-2.461919785E-1,4.611588158E-1
2.364188028E0,-3.894462585E-1,-1.130805016E-1,-2.193021774E-1,4.610304037E-1
2.369213809E0,-3.425815105E-1,-1.075439453E-1,-2.199878693E-1,4.210967278E-1
2.374239591E0,-2.594017982E-1,-7.850456238E-2,-2.542982101E-1,3.716447752E-1
2.379265372E0,-1.871855259E-1,-8.287763596E-2,-2.886505127E-1,3.538732006E-1
2.384291153E0,-1.400208473E-1,-8.670616150E-2,-3.279867172E-1,3.670137365E-1
2.389316934E0,-1.368477345E-1,-1.038784981E-1,-3.487625122E-1,3.887844322E-1
2.394342716E0,-1.064026356E-1,-1.055645943E-1,-4.131059647E-1,4.394564170E-1
2.399368497E0,-1.109077930E-1,-1.343483925E-1,-4.449176788E-1,4.778093449E-1
2.404394278E0,-9.801197052E-2,-1.662158966E-1,-4.445571899E-1,4.846288949E-1
2.409420059E0,-3.921318054E-2,-1.679697037E-1,-4.074459076E-1,4.424518759E-1
2.414445841E0,2.303338051E-2,-1.825695038E-1,-3.526325226E-1,3.977585402E-1
2.419471622E0,9.912419319E-2,-1.622729301E-1,-3.037185669E-1,3.583337514E-1
2.424497403E0,1.376593113E-1,-1.405677795E-1,-2.318105698E-1,3.040485601E-1
2.429523184E0,1.203355789E-1,-1.507205963E-1,-1.369409561E-1,2.365378937E-1
2.434548966E0,7.624340057E-2,-1.547861099E-1,4.263591766E-2,1.777346827E-1
2.439574695E0,4.785561562E-2,-1.722962856E-1,2.730302811E-1,3.263766296E-1
2.444600424E0,2.492284775E-2,-1.610634327E-1,4.779262543E-1,5.049515642E-1
2.449626153E0,2.576971054E-2,-1.502165794E-1,6.195011139E-1,6.379739249E-1
2.454651882E0,3.552484512E-2,-1.638777256E-1,6.745548248E-1,6.950842649E-1
2.459677611E0,4.920291901E-2,-1.878492832E-1,6.818523407E-1,7.089646641E-1
2.464703341E0,8.132457733E-2,-2.125964165E-1,6.799125671E-1,7.170021075E-1
2.469729070E0,8.010554314E-2,-2.380785942E-1,6.880149841E-1,7.324362999E-1
2.474754799E0,-1.026129723E-2,-2.214567661E-1,7.301092148E-1,7.630254642E-1
2.479780528E0,-1.741044521E-1,-2.107179165E-1,8.109836578E-1,8.558089120E-1
2.484806257E0,-3.299288750E-1,-1.870720387E-1,8.640098572E-1,9.435899764E-1
2.489831986E0,-4.403798580E-1,-1.652827263E-1,8.941383362E-1,1.010314883E0
2.494857716E0,-4.548504353E-1,-1.599245071E-1,9.202327728E-1,1.038890332E0
2.499883445E0,-4.605545998E-1,-1.567440033E-1,8.802919388E-1,1.005779856E0
2.504909174E0,-4.629426003E-1,-1.415615082E-1,8.268918991E-1,9.581783365E-1
2.509934903E0,-4.289169312E-1,-1.286532879E-1,7.505683899E-1,8.739990333E-1
2.514960632E0,-3.391909599E-1,-1.129872799E-1,6.563653946E-1,7.474169947E-1
2.519986361E0,-2.408895493E-1,-8.476734161E-2,5.683469772E-1,6.230823089E-1
2.525012091E0,-1.711344719E-1,-5.330038071E-2,5.104303360E-1,5.409871218E-1
2.530037820E0,-1.196117401E-1,-2.319240570E-2,4.825134277E-1,4.976585818E-1
2.535063549E0,-1.098079681E-1,-2.273631096E-2,4.558162689E-1,4.694072866E-1
2.540089278E0,-4.698109627E-2,-4.689526558E-2,4.870767593E-1,4.915792498E-1
2.545115007E0,2.437019348E-2,-2.906060219E-2,5.373506546E-1,5.386874334E-1
2.550140736E0,4.597306252E-2,-1.734519005E-2,5.491590500E-1,5.513529181E-1
2.555166466E0,6.520104408E-2,-2.155542374E-3,4.656171799E-1,4.701650569E-1
2.560192195E0,8.200645447E-2,-7.152080536E-3,3.824195862E-1,3.911789242E-1
2.565217924E0,1.392138004E-1,-1.283645630E-2,2.661981583E-1,3.006770964E-1
2.570243653E0,2.273058891E-1,-1.401090622E-2,1.456394196E-1,2.703240893E-1
2.575269382E0,2.989890575E-1,-2.448272705E-2,4.447364807E-2,3.032684715E-1
2.580295111E0,3.453128338E-1,-1.536750793E-2,-3.270053864E-2,3.471979820E-1
2.585320841E0,3.667168617E-1,2.270126343E-2,-1.334972382E-1,3.909195782E-1
2.590346570E0,3.729758263E-1,4.689598083E-2,-2.672595978E-1,4.612351814E-1
2.595372299E0,3.312296867E-1,6.707906723E-2,-4.147443771E-1,5.350005654E-1
2.600398028E0,2.138879299E-1,6.443309784E-2,-5.329856873E-1,5.779043290E-1
2.605423757E0,7.915163040E-2,3.948163986E-2,-6.126718521E-1,6.190238920E-1
2.610449486E0,-3.889536858E-2,2.569580078E-2,-6.064109802E-1,6.082001322E-1
2.615475216E0,-1.588668823E-1,2.282810211E-2,-5.431480408E-1,5.663652556E-1
2.620500945E0,-2.377212048E-1,4.945945740E-2,-4.136018753E-1,4.796082989E-1
2.625526674E0,-2.713885307E-1,1.001071930E-1,-2.941942215E-1,4.125814158E-1
2.630552403E0,-2.656667233E-1,1.455969810E-1,-1.896038055E-1,3.573889923E-1
2.635578132E0,-2.500469685E-1,1.571340561E-1,-1.615219116E-1,3.366064853E-1
2.640603861E0,-2.247920036E-1,1.442861557E-1,-1.712837219E-1,3.173138084E-1
2.645629591E0,-2.183854580E-1,9.767007828E-2,-2.327394485E-1,3.337653418E-1
2.650655320E0,-2.257680893E-1,3.667926788E-2,-2.837266922E-1,3.644412637E-1
2.655681049E0,-2.370412350E-1,-4.272460938E-4,-3.053026199E-1,3.865209171E-1
2.660706778E0,-2.424120903E-1,-3.283214569E-2,-3.498468399E-1,4.268891925E-1
2.665732507E0,-2.321927547E-1,-5.558824539E-2,-3.602113724E-1,4.321524744E-1
2.670758236E0,-1.921396255E-1,-4.988241196E-2,-3.698158264E-1,4.197256678E-1
2.675783966E0,-1.748073101E-1,-4.913187027E-2,-3.692226410E-1,4.114570390E-1
2.680809695E0,-1.894867420E-1,-4.870843887E-2,-3.394279480E-1,3.917768106E-1
2.685835476E0,-1.981511116E-1,-5.340385437E-2,-3.139705658E-1,3.750911234E-1
2.690861257E0,-1.871187687E-1,-6.324863434E-2,-3.119649887E-1,3.692370208E-1
2.695887038E0,-1.952967644E-1,-6.865835190E-2,-3.430252075E-1,4.006508311E-1
2.700912820E0,-2.376322746E-1,-8.859348297E-2,-3.740072250E-1,4.518841749E-1
2.705938601E0,-2.811729908E-1,-1.084661484E-1,-4.242506027E-1,5.203957436E-1
2.710964382E0,-2.928438187E-1,-1.234760284E-1,-4.652042389E-1,5.633993394E-1
2.715990163E0,-2.679584026E-1,-1.286859512E-1,-4.732475281E-1,5.588604499E-1
2.721015945E0,-1.874697208E-1,-1.191406250E-1,-4.724102020E-1,5.220256543E-1
2.726041726E0,-1.369338036E-1,-1.279401779E-1,-4.675073624E-1,5.036692263E-1
2.731067507E0,-1.158740520E-1,-1.356940269E-1,-4.538679123E-1,4.876840644E-1
2.736093288E0,-1.193084717E-1,-1.707706451E-1,-4.363908768E-1,4.835639792E-1
2.741119070E0,-1.281836033E-1,-2.044010162E-1,-4.057016373E-1,4.720218534E-1
2.746144851E0,-9.981536865E-2,-2.177352905E-1,-3.761310577E-1,4.459218958E-1
2.751170632E0,-7.759284973E-2,-2.204909325E-1,-3.572778702E-1,4.269477464E-1
2.756196413E0,-7.094049454E-2,-2.272281647E-1,-3.346815109E-1,4.107029417E-1
2.761222195E0,-7.952857018E-2,-2.285299301E-1,-2.797422409E-1,3.698735511E-1
2.766247976E0,-5.535697937E-2,-2.247276306E-1,-2.446546555E-1,3.367830215E-1
2.771273757E0,-3.150486946E-2,-2.111082077E-1,-2.148389816E-1,3.028448781E-1
2.776299538E0,1.609587669E-2,-2.115912437E-1,-1.758270264E-1,2.755813399E-1
2.781325320E0,2.104997635E-2,-1.976728439E-1,-1.750116348E-1,2.648522740E-1
2.786351101E0,2.918958664E-3,-1.980342865E-1,-1.169834137E-1,2.300243857E-1
2.791376882E0,-4.268479347E-2,-1.844410896E-1,-4.469108582E-2,1.945194085E-1
2.796402663E0,-6.798982620E-2,-1.761331558E-1,-8.983612061E-4,1.888023096E-1
2.801428445E0,-6.377887726E-2,-1.685976982E-1,4.797649384E-2,1.865333026E-1
2.806454226E0,-5.898714066E-2,-1.855878830E-1,1.065702438E-1,2.219900042E-1
2.811480007E0,-3.013634682E-2,-1.843466759E-1,1.083192825E-1,2.159281438E-1
2.816505788E0,3.206253052E-3,-1.983251572E-1,8.207225800E-2,2.146602049E-1
2.821531570E0,3.146719933E-2,-1.798415184E-1,3.275966644E-2,1.854894933E-1
2.826557351E0,6.429696083E-2,-1.860079765E-1,-2.045822144E-2,1.978676460E-1
2.831583132E0,9.701442719E-2,-1.738119125E-1,-5.854892731E-2,2.074857993E-1
2.836608913E0,1.253111362E-1,-1.431622505E-1,-1.005859375E-1,2.152111560E-1
2.841634695E0,1.351499557E-1,-1.083278656E-1,-9.430217743E-2,1.972139388E-1
2.846660476E0,1.126105785E-1,-5.975961685E-2,-9.705829620E-2,1.602269237E-1
2.851686257E0,7.695817947E-2,7.470130920E-3,-5.195236206E-2,9.315262834E-2
2.856712038E0,1.385831833E-2,6.940221786E-2,-6.912231445E-3,7.110906957E-2
2.861737820E0,-4.370093346E-2,9.280490875E-2,4.263973236E-2,1.110885658E-1
2.866763601E0,-8.703064919E-2,1.253461838E-1,8.219242096E-2,1.733251100E-1
2.871789382E0,-1.261146069E-1,1.478524208E-1,1.069860458E-1,2.218360800E-1
2.876815163E0,-1.139183044E-1,1.745572090E-1,9.803676605E-2,2.303449735E-1
2.881840945E0,-1.077132225E-1,1.960859299E-1,8.408355713E-2,2.390018301E-1
2.886866726E0,-9.793162346E-2,2.030553818E-1,7.463550568E-2,2.374711554E-1
2.891892507E0,-7.970094681E-2,2.100224495E-1,5.061817169E-2,2.302691241E-1
2.896918288E0,-5.343198776E-3,2.075252533E-1,-2.006530762E-3,2.076037251E-1
2.901944070E0,2.515745163E-2,1.863279343E-1,-6.877613068E-2,2.002027787E-1
2.906969851E0,5.978727341E-2,1.657447815E-1,-1.306161880E-1,2.193318017E-1
2.911995632E0,7.499098778E-2,1.554322243E-1,-1.685781479E-1,2.412496975E-1
2.917021413E0,9.014058113E-2,1.363091469E-1,-1.542835236E-1,2.247418820E-1
2.922047195E0,8.658218384E-2,1.131620407E-1,-1.212539673E-1,1.870952875E-1
2.927072976E0,1.120615005E-1,1.143250465E-1,-7.424545288E-2,1.764663805E-1
